"Network","RMSE","MAE","NSE"
"MISO1",64.7652518621106,37.4958770294152,0.699651647627166
"MISO2",70.8298146996694,43.2356697760791,0.64089797967591
"MISO3",76.6497390442733,48.9078937623372,0.579426808119815
