"Network","MAE","MSE","NSE"
"MISO1",34.3270578866734,59.2557085371871,0.748579012817931
"MISO2",37.7187337380131,62.2317934906032,0.722789119756562
"MISO3",41.2795199409434,68.5471519944179,0.663644095372919
