"MAE","RMSE","NSE"
40.2550089758195,76.8218473510335,0.619733475712989
49.5886900359552,94.0289583930534,0.430269179628228
54.5905427557732,100.669438303384,0.346972431263505
